variant,shape,workers,samples,iterations_per_worker,median_elapsed_ms,median_bytes_per_operation,validation_bytes,writer_bytes
before,flat,1,3,2000,49.421,272.000,272.000,0.000
before,flat,2,3,2000,50.670,272.000,272.000,0.000
before,flat,4,3,2000,53.720,272.000,272.000,0.000
before,flat,8,3,2000,57.822,272.200,272.000,0.000
before,nested,1,3,2000,115.076,272.000,272.000,0.000
before,nested,2,3,2000,174.344,272.000,272.000,0.000
before,nested,4,3,2000,334.829,272.000,272.000,0.000
before,nested,8,3,2000,736.543,272.000,272.000,0.000
before,deep,1,3,2000,305.875,22992.900,16696.000,6192.000
before,deep,2,3,2000,537.085,19752.400,16696.000,2136.000
before,deep,4,3,2000,973.145,17559.400,16696.000,684.000
before,deep,8,3,2000,2911.318,22217.200,16696.000,1176.000
after,flat,1,3,2000,48.760,272.000,272.000,0.000
after,flat,2,3,2000,50.168,272.000,272.000,0.000
after,flat,4,3,2000,52.879,272.000,272.000,0.000
after,flat,8,3,2000,55.001,272.100,272.000,0.000
after,nested,1,3,2000,107.947,272.000,272.000,0.000
after,nested,2,3,2000,114.570,272.000,272.000,0.000
after,nested,4,3,2000,113.777,272.000,272.000,0.000
after,nested,8,3,2000,120.310,272.000,272.000,0.000
after,deep,1,3,2000,276.876,16698.500,16696.000,0.000
after,deep,2,3,2000,414.193,16794.100,16696.000,0.000
after,deep,4,3,2000,543.548,16808.500,16696.000,0.000
after,deep,8,3,2000,1109.729,17127.800,16696.000,0.000
