variant,scenario,stage,elapsed_ms,allocated_bytes,gen0,gen1,gen2
before,fix-4.4-d-beforeFalse-afterFalse,total-case,207.263,174823240,17,1,0
before,fix-4.4-d-beforeFalse-afterTrue,total-case,177.896,184279104,18,1,0
before,fix-4.4-d-beforeTrue-afterFalse,total-case,330.650,186569184,19,2,0
before,x12-004010-204-beforeFalse-afterFalse,total-case,3601.270,1151182176,111,23,9
before,x12-004010-204-beforeFalse-afterTrue,total-case,774.697,902304216,84,10,3
before,x12-004010-204-beforeTrue-afterFalse,total-case,715.833,898228696,84,11,4
before,x12-005030-204-beforeFalse-afterFalse,total-case,1863.590,950920856,86,14,5
before,x12-005030-204-beforeFalse-afterTrue,total-case,749.436,1049425920,95,12,4
before,x12-005030-204-beforeTrue-afterFalse,total-case,1289.919,1060175416,97,14,5
before,x12-004010-204-beforeFalse-afterFalse,environment,221.678,17877336,2,1,1
before,x12-004010-204-beforeFalse-afterFalse,seed-catalog,382.697,94986488,11,2,1
before,x12-004010-204-beforeFalse-afterFalse,seed-repositories,69.682,39046968,4,2,1
before,x12-004010-204-beforeFalse-afterFalse,preview,994.611,313524696,33,6,2
before,x12-004010-204-beforeFalse-afterFalse,definition-catalog,469.123,110407896,14,5,1
before,x12-004010-204-beforeFalse-afterFalse,process-validation-context,8.649,1302352,0,0,0
before,x12-004010-204-beforeFalse-afterFalse,process-compilation,4.340,1030776,1,0,0
before,x12-004010-204-beforeFalse-afterFalse,transition-compilation,20.253,1664128,0,0,0
before,x12-004010-204-beforeFalse-afterFalse,execution-bindings,7.737,523288,0,0,0
before,x12-004010-204-beforeFalse-afterFalse,interruption-and-recovery-setup,0.000,0,0,0,0
before,x12-004010-204-beforeFalse-afterFalse,execute-process,1329.779,522629136,41,7,3
before,x12-004010-204-beforeFalse-afterFalse,read-result,24.657,12367856,1,0,0
before,x12-004010-204-beforeFalse-afterFalse,verify-commits,34.474,20363512,2,0,0
before,x12-004010-204-beforeFalse-afterFalse,replay,32.051,15455360,2,0,0
before,x12-004010-204-beforeFalse-afterFalse,remaining-verification-and-cleanup,1.539,2384,0,0,0
after,fix-4.4-d-beforeFalse-afterFalse,total-case,188.550,151706584,16,2,1
after,fix-4.4-d-beforeFalse-afterTrue,total-case,198.890,159649008,16,1,1
after,fix-4.4-d-beforeTrue-afterFalse,total-case,291.216,161037640,16,1,0
after,x12-004010-204-beforeFalse-afterFalse,total-case,3845.904,881025296,79,21,9
after,x12-004010-204-beforeFalse-afterFalse,environment,221.790,17860104,2,1,1
after,x12-004010-204-beforeFalse-afterFalse,seed-catalog,370.038,95152056,11,2,1
after,x12-004010-204-beforeFalse-afterFalse,seed-repositories,68.268,39024328,4,2,1
after,x12-004010-204-beforeFalse-afterFalse,preview,960.244,236358664,24,6,2
after,x12-004010-204-beforeFalse-afterFalse,definition-catalog,484.540,110666840,13,3,0
after,x12-004010-204-beforeFalse-afterFalse,process-validation-context,8.500,1302352,0,0,0
after,x12-004010-204-beforeFalse-afterFalse,process-compilation,3.379,1024608,0,0,0
after,x12-004010-204-beforeFalse-afterFalse,transition-compilation,18.469,1632600,1,0,0
after,x12-004010-204-beforeFalse-afterFalse,execution-bindings,7.330,523712,0,0,0
after,x12-004010-204-beforeFalse-afterFalse,interruption-and-recovery-setup,0.000,0,0,0,0
after,x12-004010-204-beforeFalse-afterFalse,execute-process,1627.887,365094240,23,7,4
after,x12-004010-204-beforeFalse-afterFalse,read-result,18.163,116584,0,0,0
after,x12-004010-204-beforeFalse-afterFalse,verify-commits,27.696,8118376,0,0,0
after,x12-004010-204-beforeFalse-afterFalse,replay,27.920,4148448,1,0,0
after,x12-004010-204-beforeFalse-afterFalse,remaining-verification-and-cleanup,1.680,2384,0,0,0
after,x12-004010-204-beforeFalse-afterTrue,total-case,659.580,564181496,43,9,3
after,x12-004010-204-beforeTrue-afterFalse,total-case,625.106,564313480,43,12,3
after,x12-005030-204-beforeFalse-afterFalse,total-case,1681.581,634557456,47,11,4
after,x12-005030-204-beforeFalse-afterTrue,total-case,724.461,663393056,50,14,5
after,x12-005030-204-beforeTrue-afterFalse,total-case,1359.636,670826352,49,13,4
